
--- Jeu d'insert dans la table CLIENTS ------------------------------------------------

INSERT INTO CLIENTS (IDCLIENT, Nom, Prenom, Raison_SOCIALE, TYPECLIENT,EXTERNE) VALUES (001, 'Djemati', 'Karim','','CLASSIQUE', 0);
INSERT INTO CLIENTS (IDCLIENT, Nom, Prenom, Raison_SOCIALE, TYPECLIENT,EXTERNE) VALUES (002, 'Lunaret', 'Patrick','','CLASSIQUE', 0);
INSERT INTO CLIENTS (IDCLIENT, Nom, Prenom, Raison_SOCIALE, TYPECLIENT,EXTERNE) VALUES (003, '', '','CAFE BRIOCHE','PROFESSIONNEL', 0);
INSERT INTO CLIENTS (IDCLIENT, Nom, Prenom, Raison_SOCIALE, TYPECLIENT,EXTERNE) VALUES (004, '', '','TABLAC ROI','PROFESSIONNEL', 1);
INSERT INTO CLIENTS (IDCLIENT, Nom, Prenom, Raison_SOCIALE, TYPECLIENT,EXTERNE) VALUES (005, 'Poitu', 'Luc','','CLASSIQUE', 0);
INSERT INTO CLIENTS (IDCLIENT, Nom, Prenom, Raison_SOCIALE, TYPECLIENT,EXTERNE) VALUES (006, 'Blanc', 'Paul','BLANC PAUL SA','PROFESSIONNEL', 0);
INSERT INTO CLIENTS (IDCLIENT, Nom, Prenom, Raison_SOCIALE, TYPECLIENT,EXTERNE) VALUES (007, 'XUE', 'PENG','','CLASSIQUE', 0);
INSERT INTO CLIENTS (IDCLIENT, Nom, Prenom, Raison_SOCIALE, TYPECLIENT,EXTERNE) VALUES (008, 'PAILLARD', 'Martial','','CLASSIQUE', 1);
INSERT INTO CLIENTS (IDCLIENT, Nom, Prenom, Raison_SOCIALE, TYPECLIENT,EXTERNE) VALUES (009, 'MUNDOS', 'VICENTE','VINCENTUS PROD','PROFESSIONNEL', 1);
INSERT INTO CLIENTS (IDCLIENT, Nom, Prenom, Raison_SOCIALE, TYPECLIENT,EXTERNE) VALUES (010, 'MARWAL', 'DONIA','','CLASSIQUE', 0);
INSERT INTO CLIENTS (IDCLIENT, Nom, Prenom, Raison_SOCIALE, TYPECLIENT,EXTERNE) VALUES (011, '', '','SFR','PROFESSIONNEL', 0);
INSERT INTO CLIENTS (IDCLIENT, Nom, Prenom, Raison_SOCIALE, TYPECLIENT,EXTERNE) VALUES (012, '', '','CARREFOUR','PROFESSIONNEL', 1);


-- Jeu d'insert  dans la table COMPTES -------------------------------------------------

INSERT INTO COMPTES (CompteId, IBAN, DateOuver, Solde, IDCLIENT) VALUES (001, 'CC-ABEHU-12485-12', '2021-05-23', 1288.30,001);
INSERT INTO COMPTES (CompteId, IBAN, DateOuver, Solde, IDCLIENT) VALUES (002, 'CE-JKIHU-47852-12', '2022-05-13', 14811.20,001);
INSERT INTO COMPTES (CompteId, IBAN, DateOuver, Solde, IDCLIENT) VALUES (003, 'CC-AJIKU-24581-12', '2021-04-25', 45868.21,002);
INSERT INTO COMPTES (CompteId, IBAN, DateOuver, Solde, IDCLIENT) VALUES (004, 'CP-BCFGT-12578-12', '2019-11-23', 17228.17,003);
INSERT INTO COMPTES (CompteId, IBAN, DateOuver, Solde, IDCLIENT) VALUES (005, 'CP-KJIJN-36587-13', '2018-05-23', 1205.16,004);
INSERT INTO COMPTES (CompteId, IBAN, DateOuver, Solde, IDCLIENT) VALUES (006, 'CC-HIUGY-12457-12', '2021-10-13', 15.99,005);
INSERT INTO COMPTES (CompteId, IBAN, DateOuver, Solde, IDCLIENT) VALUES (007, 'CP-AHIYG-26587-12', '2021-12-12', 7458.00,006);
INSERT INTO COMPTES (CompteId, IBAN, DateOuver, Solde, IDCLIENT) VALUES (008, 'CC-MPOOI-10225-12', '2016-05-23', 1747.21,007);
INSERT INTO COMPTES (CompteId, IBAN, DateOuver, Solde, IDCLIENT) VALUES (009, 'CE-GTTFY-02458-12', '2022-11-28', 471728.80,007);
INSERT INTO COMPTES (CompteId, IBAN, DateOuver, Solde, IDCLIENT) VALUES (010, 'CC-AGUTF-36855-12', '2021-05-23', 1254.20,008);
INSERT INTO COMPTES (CompteId, IBAN, DateOuver, Solde, IDCLIENT) VALUES (011, 'CP-NBBHY-25545-12', '2021-01-23', 0.20,009);
INSERT INTO COMPTES (CompteId, IBAN, DateOuver, Solde, IDCLIENT) VALUES (012, 'CC-GYTFE-12455-12', '2015-05-13', 4475.60,010);
INSERT INTO COMPTES (CompteId, IBAN, DateOuver, Solde, IDCLIENT) VALUES (013, 'CE-ASDER-17222-12', '2021-02-20', 142858.17,010);
INSERT INTO COMPTES (CompteId, IBAN, DateOuver, Solde, IDCLIENT) VALUES (014, 'CP-UIUYF-17568-12', '2012-03-20', 47444728.10,011);
INSERT INTO COMPTES (CompteId, IBAN, DateOuver, Solde, IDCLIENT) VALUES (015, 'CP-AGTYT-74587-12', '2021-10-17', 147474.56,012);

-- Jeu d'insert dans la table CARTE ------------------------------------------------------6

INSERT INTO CARTE (NUMEROCARTE,TYPECARTE,COMPTEID) VALUES (154845158, 'ViSA',001);
INSERT INTO CARTE (NUMEROCARTE,TYPECARTE,COMPTEID) VALUES (115135256, 'GOLD',003);
INSERT INTO CARTE (NUMEROCARTE,TYPECARTE,COMPTEID) VALUES (516225147, 'ViSA PRO',004);
INSERT INTO CARTE (NUMEROCARTE,TYPECARTE,COMPTEID) VALUES (154811523, 'ViSA PRO',005);
INSERT INTO CARTE (NUMEROCARTE,TYPECARTE,COMPTEID) VALUES (644946565, 'ViSA',006);
INSERT INTO CARTE (NUMEROCARTE,TYPECARTE,COMPTEID) VALUES (151364423, 'ViSA PRO',007);
INSERT INTO CARTE (NUMEROCARTE,TYPECARTE,COMPTEID) VALUES (136294894, 'ViSA',008);
INSERT INTO CARTE (NUMEROCARTE,TYPECARTE,COMPTEID) VALUES (625152025, 'GOLD',008);
INSERT INTO CARTE (NUMEROCARTE,TYPECARTE,COMPTEID) VALUES (005250215, 'ViSA',010);
INSERT INTO CARTE (NUMEROCARTE,TYPECARTE,COMPTEID) VALUES (515252526, 'ViSA PRO',011);
INSERT INTO CARTE (NUMEROCARTE,TYPECARTE,COMPTEID) VALUES (030515162, 'GOLD',012);
INSERT INTO CARTE (NUMEROCARTE,TYPECARTE,COMPTEID) VALUES (030615154, 'ViSA PRO',014);
INSERT INTO CARTE (NUMEROCARTE,TYPECARTE,COMPTEID) VALUES (032515184, 'ViSA PRO',015);



